strID,strvdWGlobalMin,strvdWGlobalMax,strvdWTotalVar,strvdWMinimaNum,strvdWMaximaNum,strvdWMinimaSum,strvdWMaximaSum
1017962,-0.056242228,0.025978955,0.00036455962,1.0140398,10.676327,-0.056173846,0.20406798
1019269,-0.05327653,0.05911362,0.00044088197,1.0030817,3.4936876,-0.052138284,0.097635575
1034539,-0.016570617,0.04104851,0.00012063638,0.0055698156,13.33822,0.00024965405,0.35977787
1036761,-0.057059325,0.03601675,0.00034053036,1.0087878,2.1150484,-0.057678945,0.07296051
1046331,-0.046570342,0.037831698,0.00029660208,1.1207246,8.526344,-0.052209403,0.22934023
1075836,-0.058438852,0.025876952,0.00034231695,1.1171348,9.635001,-0.061195455,0.20073974
1079207,-0.011661153,0.035911314,9.495774e-05,-0.034748673,5.394949,-0.0013288409,0.15496072
1107178,-0.020307222,0.028978968,9.637087e-05,0.009609818,6.156456,-0.0009439923,0.15919054
1139153,-0.004511252,0.013346663,1.1547381e-05,-0.0032144785,-0.010211945,0.00030474737,0.00066265464
1144156,-0.049296357,0.017308338,0.00026193244,1.0827351,3.7194557,-0.05171401,0.05351557
1160109,-0.058986194,0.026897453,0.0004171739,1.023284,11.604134,-0.0597661,0.245494
1178614,-0.043454967,0.069334775,0.00025740676,1.0436087,4.132491,-0.044689342,0.17804429
1189457,-0.03391766,0.032256845,0.00012697422,0.7654064,9.701524,-0.030032866,0.26338226
1199854,-0.022580074,0.029130429,8.8740315e-05,-0.021549702,6.6297593,-0.00049244985,0.15282558
1231151,-0.026215764,0.025486436,8.391721e-05,0.025932074,8.783169,-0.0024400875,0.20048058
1235151,-0.04999225,0.04116469,0.00026192333,2.0704708,9.01907,-0.10168901,0.2666376
1244778,-0.054280005,0.05910524,0.00040536915,1.0067599,3.803526,-0.054545905,0.10191125
1261349,-0.0040911585,0.012426751,1.128047e-05,-0.0050401688,-0.04683113,0.0003752485,-0.0005223155
1278715,-0.008813992,0.032735866,7.819611e-05,-0.0035449266,5.6514034,-0.00023103133,0.15741307
129464,-0.049177364,0.013514888,0.00019982102,1.0001878,-0.017363548,-0.049732294,-0.0018538684
1323538,-0.07512314,0.023088094,0.00057171535,1.2959784,16.207716,-0.09358979,0.34118116
1328465,-0.022228014,0.047033537,0.00021591467,0.011580229,5.3184834,-0.0003339909,0.16911736
1328936,-0.048931558,0.042173896,0.00029428987,3.3886342,15.291982,-0.15305002,0.46813223
1352110,-0.059401393,0.024831515,0.00029014674,1.0124298,7.253948,-0.059536275,0.14373471
1363784,-0.06149646,0.03209982,0.00033503317,0.9571638,5.687363,-0.061822247,0.13782373
1396156,-0.035777718,0.04673861,0.00019095321,1.6160358,15.793273,-0.051097736,0.5107857
1417007,-0.048659552,0.0502374,0.00032901397,1.868469,10.6378565,-0.09388568,0.32370958
1424265,-0.024547745,0.021667274,8.0179525e-05,0.019460559,8.368919,-0.0003523156,0.16097851
1449384,-0.026023207,0.020066293,8.6028725e-05,-0.009997964,3.992929,0.00037895143,0.07555196
1469079,-0.024369875,0.03443601,0.00013014545,-0.0021042824,7.8481245,-0.00014596805,0.24238373
1502181,-0.060068086,0.029402427,0.00050428574,1.0220104,7.35073,-0.059465103,0.18625371
1520842,-0.05706795,0.033642646,0.00032333744,0.9821862,6.2332287,-0.05978714,0.14006189
1527293,-0.06290978,0.06827223,0.00048328892,1.007165,9.743249,-0.06483955,0.33872002
1563176,-0.034127846,0.028143253,0.00014497383,1.9152108,5.788577,-0.06374031,0.119869195
1571523,-0.03788761,0.077102825,0.00027803789,1.060638,4.5744944,-0.03675378,0.13183486
1592519,-0.05762283,0.02396005,0.00036054262,1.0030483,8.678697,-0.0576601,0.16598533
1615431,-0.05019558,0.017372675,0.00024910152,1.0206059,2.852871,-0.049058862,0.048093572
1636752,-0.049114067,0.058886975,0.00039891573,1.6700214,4.8107533,-0.077582195,0.116834946
1650157,-0.054399088,0.05936884,0.00042485853,1.7857587,3.0661392,-0.08619799,0.13935044
1659169,-0.05752556,0.04316169,0.0003687131,2.0613794,4.4897304,-0.11429164,0.14534096
1662128,-0.023898384,0.018622836,6.6812296e-05,0.0010420084,8.466015,0.0013412274,0.13723513
1674094,-0.029886309,0.03827198,0.00012784249,0.109313846,6.2752786,-0.0034135096,0.1510504
1708457,-0.049821567,0.0431824,0.00033557796,1.9551115,7.1011586,-0.09579408,0.25336403
1717215,-0.04760194,0.035579894,0.00025448372,1.9470842,5.8056116,-0.08594747,0.16531189
1722522,-0.057851262,0.023998473,0.00037563447,0.99341273,9.461772,-0.0578967,0.17893916
1723043,-0.002452556,0.0411266,0.0001405083,-0.029003859,9.199455,0.00064711645,0.31943998
1728386,-0.0661223,0.063927054,0.00069621165,1.1226513,5.6620817,-0.06983539,0.2170751
172879,-0.03516862,0.03109337,0.00016376877,1.6693882,7.9966846,-0.05555399,0.21141301
1733799,-0.02858537,0.089254424,0.00040708802,0.06447995,4.4517937,-0.0013613217,0.1742757
1735893,-0.06349574,0.089335606,0.0006487671,1.014087,3.129981,-0.06387545,0.12907258
1743409,-0.052954312,0.026241375,0.00030878416,2.0050836,14.823553,-0.10412114,0.3305569
1755375,-0.038681023,0.071237996,0.00023616142,0.82743764,7.1069922,-0.031418487,0.18830884
1760914,-0.020172095,0.030471396,9.443775e-05,-0.011432409,5.409418,0.0014137812,0.13175857
1770205,-0.05412603,0.04532563,0.0002996748,3.5877666,11.9025,-0.1540778,0.33335894
1781152,-0.05494756,0.026912278,0.00037961322,1.0140339,12.390247,-0.054478347,0.2262889
1792062,-0.01938609,0.03967351,0.00015633796,-0.011710405,4.650959,0.00075501576,0.15916732
1800170,-0.031205848,0.031768225,0.00016700377,1.1774304,4.3642163,-0.037138596,0.118446246
1803862,-0.0044943728,0.012062399,1.0397227e-05,-0.0037095547,0.0066604614,0.00018728897,-0.00015753508
1821184,-0.031761162,0.069551304,0.00028018677,1.8338821,3.5213885,-0.061641913,0.14618602
1827204,-0.05624935,0.029729217,0.0004321626,1.0004634,8.394189,-0.05656706,0.19220148
1838110,-0.0060419813,0.031276107,6.982348e-05,7.7962875e-05,4.898192,0.00012738258,0.13184077
1849020,-0.049588013,0.03688883,0.00020671461,4.0495944,14.904881,-0.15978394,0.38349515
1855337,-0.012770243,0.03712883,8.6571614e-05,0.0097590685,8.273813,-0.00015219301,0.20585334
1857976,-0.025569038,0.038386054,0.00016463379,0.018941045,4.293808,0.00013835728,0.14604717
1858644,-0.04218917,0.06145727,0.00025908893,1.2134879,6.642479,-0.05115034,0.18029734
186894,-0.032916315,0.028626636,0.0001446032,1.6823841,5.529704,-0.0543751,0.119983844
1873346,-0.022649037,0.023831304,7.582719e-05,-0.023593903,7.187479,0.0012972765,0.15146023
1875719,-0.05944987,0.027846755,0.00047550647,1.004144,9.083665,-0.05878759,0.21707235
1881249,-0.059996724,0.029205777,0.00048288342,0.998056,9.082637,-0.059510235,0.22489442
1893815,-0.015125539,0.042811412,0.00017629398,-0.020246983,5.7828054,-0.000543274,0.16799897
1893937,-0.027854478,0.026290555,0.00012319763,0.008482695,9.769526,-8.75406e-05,0.18808025
1896013,-0.04205805,0.07362038,0.0003590032,4.1201167,8.046236,-0.16109608,0.3504244
1899443,-0.023424843,0.017113721,5.514997e-05,-0.017089844,4.892482,0.0011469088,0.07868205
1903702,-0.0520246,0.057661384,0.00040041422,1.004795,3.4042702,-0.051415894,0.09752419
1905088,-0.020416984,0.03482146,0.00010281842,0.020936847,6.1187487,-0.0014483333,0.17699213
1922649,-0.052802555,0.042290527,0.00034033728,4.176648,12.202948,-0.18344742,0.39090562
1923244,-0.0074582845,0.011507204,8.336967e-06,0.0030864477,-0.116708755,-0.0007596649,-0.0018652529
1929982,-0.04957763,0.061744742,0.00060497085,1.2456652,4.4479895,-0.06318549,0.18947057
194273,-0.061793935,0.08291024,0.00059596234,2.0004551,6.9678717,-0.11161773,0.22627531
1944394,-0.04122506,0.027228331,0.0001326156,1.8052187,13.316425,-0.07048629,0.273513
1952272,-0.04038345,0.04870951,0.00028568888,2.6356282,4.6714525,-0.106094524,0.18637577
1963873,-0.060309935,0.048037395,0.00045396047,1.4763819,7.4996767,-0.08564435,0.23425351
1967551,-0.051046193,0.037904657,0.0003122487,0.9356396,3.891398,-0.04765542,0.1301805
197466,-0.059545346,0.03097324,0.00049326185,1.0044277,7.556438,-0.06007538,0.18959942
1976156,-0.05684633,0.030062739,0.00046002725,0.99592614,5.729427,-0.05609165,0.14836296
1977493,-0.026976945,0.030751113,0.00011970404,-0.023506403,6.3527937,0.00043559447,0.15915962
1987439,-0.026280321,0.01894835,7.820802e-05,-0.002524972,4.639595,-0.00027428567,0.088790864
2005792,-0.021131996,0.025918826,7.274965e-05,-0.020551324,10.774011,0.001592543,0.25136065
2008055,-0.020834655,0.01277471,2.7517002e-05,0.051967263,1.3497419,-0.001578752,0.021899894
2023925,-0.015908353,0.047781523,0.000172922,-0.015165329,6.0423903,-0.00022021681,0.1860645
2043882,-0.056772705,0.027175792,0.00041821605,1.0096827,9.578213,-0.057636734,0.20140278
2049967,-0.03686753,0.021522332,0.00016209832,2.14803,7.362644,-0.07795553,0.14254278
20524,-0.03631537,0.07210563,0.00030630518,1.0564272,2.7400713,-0.040277824,0.11726833
2068538,-0.01775883,0.012918998,1.832383e-05,0.05221176,0.4079771,-0.0025932826,0.007481575
2078467,-0.06442724,0.06493676,0.00054006395,1.0245264,13.299895,-0.06843296,0.37005532
2099370,-0.0654665,0.073059976,0.0005410868,2.107822,11.403845,-0.1115886,0.35312265
210639,-0.022222683,0.028125685,8.5318374e-05,-0.015486121,6.7234116,-0.000693962,0.14944303
2123854,-0.070513636,0.0925941,0.00080994156,1.1051637,7.147954,-0.08040987,0.303455
2126135,-0.039755706,0.075164795,0.00025993405,1.0018557,4.716464,-0.035524067,0.13684203
2143011,-0.023672692,0.018953122,6.6814915e-05,-0.016436934,8.277324,0.0011215769,0.13681376
2146331,-0.036010567,0.03606399,0.0002110565,1.0126498,3.220893,-0.037323102,0.108882606
2178600,-0.026898192,0.025986712,0.00011227587,-0.00979805,9.266856,0.0004889481,0.17924029
2183616,-0.026349768,0.021310557,9.1605005e-05,0.0025435686,5.095896,-0.00044142082,0.09960258
2197088,-0.005162537,0.010965221,8.697476e-06,-0.00106287,0.008780479,1.4461577e-05,-0.00022383034
2198613,-0.026241433,0.031274132,0.00011424883,-0.011864901,6.2466664,0.0002560094,0.15685341
2213823,-0.004624918,0.012047183,1.0021875e-05,-0.0031471252,-0.0055885315,0.00017622486,-0.00035718083
2245668,-0.05259552,0.057486124,0.00040390826,1.0061045,3.5246687,-0.05104713,0.09654884
2261979,-0.02482941,0.02166745,8.004786e-05,0.0041463375,10.217913,-0.0016706102,0.20975477
2269032,-0.066527404,0.069205396,0.00057464256,1.4516003,11.741949,-0.08891201,0.40744373
2279874,-0.04175763,0.021690793,0.00019807744,3.8155365,7.5233574,-0.14916906,0.1464262
2294995,-0.053235814,0.032391507,0.0002964136,1.1115887,9.136251,-0.055853482,0.20254646
2295058,-0.05358666,0.079302594,0.00050182664,1.6032848,5.6488004,-0.07733935,0.19137895
2310185,-0.049510393,0.059412844,0.0004367874,0.9617741,3.5653348,-0.052365854,0.10012584
2316618,-0.054939903,0.046395484,0.0003215094,2.7916007,10.285544,-0.13886572,0.30450732
2328633,-0.005236972,0.0107946545,8.62169e-06,0.0011630058,0.002617836,-4.037097e-05,-0.00010433793
2341732,-0.056511596,0.025555415,0.0003656566,1.0347257,11.110638,-0.0566803,0.20479587
2354112,-0.03922636,0.076463334,0.00030142788,1.3367149,4.3962774,-0.050463002,0.12850437
2364370,-0.05834099,0.025829297,0.00039304112,1.0062994,10.717775,-0.059420604,0.21505925
2371092,-0.060320936,0.031227887,0.00032191462,0.98104525,7.1330833,-0.060426515,0.15567258
2390199,-0.060319632,0.027991112,0.00047132777,1.0048892,7.7865086,-0.059197146,0.19196397
2402487,-0.058642283,0.02939408,0.00036252275,1.8506825,11.865668,-0.09851396,0.29369044
2410897,-0.058708556,0.037048683,0.00040817537,0.9413548,3.1158528,-0.05885273,0.0866502
2422586,-0.045649953,0.017539203,0.00022444568,1.0038242,3.0629096,-0.04402872,0.048141092
242480,-0.04800416,0.063157365,0.0003615528,2.0329816,5.892003,-0.09501976,0.2403544
2451097,-0.063526675,0.041957397,0.00058558944,1.3831043,7.573563,-0.08402628,0.2798337
2457863,-0.042458758,0.08155215,0.00031089,1.3554684,6.3755913,-0.057044815,0.22032358
2481002,-0.023711734,0.04705986,0.00012566493,0.038182616,5.397204,-0.0040721744,0.1951888
2484519,-0.025514668,0.032923188,0.000119960314,0.016685367,6.364258,-0.0017258301,0.187044
2487143,-0.05967477,0.028752536,0.0004750588,1.0018809,7.892976,-0.05885836,0.19761054
2489709,-0.025492208,0.035528418,0.00014394215,0.012855649,5.493316,-0.0008453205,0.1555056
2492140,-0.012527209,0.047011096,0.00015215152,-0.016636968,5.49563,0.0003050752,0.16846362
2493732,-0.01685312,0.035165083,0.00010521831,0.0028671026,3.7101746,9.1060996e-05,0.104900226
2501588,-0.04325854,0.052347615,0.00021751993,5.2949233,15.454351,-0.20327781,0.5695144
2517158,-0.025716279,0.028355235,0.00012503091,0.011449218,8.231162,-0.00020222738,0.16783632
2518989,-0.059025932,0.03988492,0.00030107558,4.5099273,16.932835,-0.20669788,0.41475272
2523689,-0.066994116,0.08442767,0.0007012304,1.7846147,7.6971626,-0.10100153,0.26304716
252413,-0.004416328,0.012575643,1.1510856e-05,-0.0038957596,-0.046315193,0.00019669905,-0.00053198636
2577969,-0.025761634,0.02718312,9.096516e-05,0.04105079,9.100105,-0.0033657327,0.21183291
2607611,-0.057434205,0.026145775,0.00037685496,1.0041955,10.301127,-0.057993233,0.20849085
2609604,-0.004432801,0.013021445,1.219727e-05,-0.0025902987,-0.0025053024,0.00010671839,5.4240227e-06
2613240,-0.043406412,0.031789716,0.00017380939,1.3806397,10.614504,-0.055795275,0.24113736
2636578,-0.03416396,0.059717372,0.0003181254,4.1929054,10.01952,-0.13623421,0.48802012
2659552,-0.0759054,0.033078957,0.0005921016,0.9732964,12.979246,-0.07372783,0.30787498
2661134,-0.06829545,0.09316617,0.0008044945,1.395655,6.754674,-0.08979867,0.2838339
2681549,-0.010831822,0.03704977,8.1690276e-05,-0.031225324,6.880383,-0.00038713962,0.18520406
2689721,-0.0049729235,0.010610279,9.908748e-06,-8.165836e-05,-0.07314205,0.00023384392,-0.0016029775
2693089,-0.049552064,0.027656857,0.00026864262,2.0040162,7.289297,-0.09389308,0.16755277
2725215,-0.038413487,0.047980145,0.00016863536,5.2276025,14.91828,-0.20376325,0.50685143
2725802,-0.07350889,0.033722498,0.00066005345,1.0007122,7.3123856,-0.076203346,0.20228027
2727678,-0.053721752,0.08883689,0.00070763694,2.0656261,4.784912,-0.10145892,0.27466315
2751110,-0.05672104,0.10122138,0.0006360039,2.087844,7.6704297,-0.10562586,0.29505563
2763835,-0.033854682,0.0309178,0.00013373986,1.0657227,7.6738706,-0.033973515,0.17026195
2771569,-0.0554424,0.039895624,0.00032347435,2.0375419,3.8311048,-0.103041954,0.11051839
2782339,-0.0522621,0.06126168,0.00040987108,1.8566929,7.9539847,-0.09997758,0.308896
2784376,-0.02053566,0.014685808,4.6748493e-05,0.019601822,4.694338,0.000112876296,0.08405257
2789243,-0.050824575,0.04035674,0.0002625385,1.0465143,5.4862757,-0.052879117,0.18043093
2792521,-0.060788304,0.035515077,0.00050340226,1.0039996,8.0547285,-0.061313946,0.2077536
2802855,-0.025987385,0.029942436,0.00011477222,-0.003389597,7.2090316,0.0009321831,0.16910022
282648,-0.022431329,0.025362687,7.747064e-05,-0.016556382,8.180274,0.0005919561,0.18733937
2837389,-0.051283788,0.051761765,0.000495435,1.6872891,1.2559705,-0.07452899,0.094233006
2844990,-0.018294772,0.03851701,0.00011125149,0.002344966,10.028275,-8.960068e-05,0.29269898
2845466,-0.017884247,0.040177193,0.00011881771,-0.011097312,10.213297,-0.0002306886,0.3083613
2850833,-0.06260747,0.091303706,0.0007883386,1.572659,1.2603598,-0.07953329,0.106437474
2859600,-0.022680815,0.027146501,8.046262e-05,-0.023007274,6.5296197,4.133582e-05,0.1476177
2864987,-0.05301536,0.05811904,0.00039051106,1.0028666,3.347231,-0.05277569,0.097721145
2881590,-0.039394364,0.034881573,0.00016786928,3.0382466,8.13315,-0.11582264,0.23347166
2913224,-0.06633408,0.08514579,0.00059394725,2.056288,8.854054,-0.11274569,0.28074172
2923700,-0.039337717,0.07774396,0.00027406425,1.1338954,4.3945026,-0.043979924,0.13638306
2925352,-0.0392614,0.07956907,0.00029866124,1.1698605,4.595577,-0.047070876,0.14860997
2929847,-0.0630343,0.09101467,0.00064504833,1.0625557,2.5717063,-0.06348334,0.11211371
2958326,-0.05178549,0.03423673,0.00020708548,0.988775,1.0879211,-0.051208086,0.035041377
2960202,-0.016823068,0.04400145,8.756912e-05,0.012479186,14.293781,-3.30396e-05,0.3863912
296847,-0.052759428,0.034337994,0.00029538857,1.3523244,6.163805,-0.0698432,0.15412381
2972345,-0.022669444,0.021919416,7.455892e-05,0.00062310696,14.682022,-1.2058765e-05,0.30614054
2972906,-0.026541457,0.032054,0.00011417219,0.0021061897,5.010001,-0.0013127737,0.12563525
299266,-0.022692155,0.017617894,6.2990526e-05,0.001563549,7.672103,0.0012078919,0.12173623
2996632,-0.011002857,0.052336697,0.00020900194,-0.012498736,4.1149273,0.00054357946,0.13310096
3006808,-0.046735503,0.079541564,0.0004798115,1.7998466,3.7612677,-0.07862776,0.1642543
303222,-0.022373445,0.017618038,5.8749923e-05,-0.000813961,7.8755937,0.0022045039,0.12950242
3034976,-0.06423594,0.08725381,0.0006531684,1.3931383,4.071674,-0.076377876,0.21216138
3040612,-0.026950525,0.020967802,8.802321e-05,-0.005257368,8.192064,0.00026978925,0.15159315
3047364,-0.049925867,0.054105047,0.0002415512,4.951899,6.39876,-0.19310714,0.18409285
3053621,-0.023106536,0.024001278,8.021081e-05,-0.0059634447,6.4548855,7.691234e-05,0.1435703
3060426,-0.0045807734,0.012597742,1.1636817e-05,0.00059866905,-0.01388073,7.760525e-05,5.4568052e-05
3083321,-0.042021632,0.0204578,0.00018396477,2.6942225,7.908331,-0.10705676,0.13322584
3105103,-0.06017762,0.09065131,0.0006254561,2.2820246,6.730112,-0.12413773,0.23851174
313406,-0.053510677,0.056894287,0.00044788903,0.99652183,3.6995502,-0.051909734,0.10536289
3144334,-0.03867704,0.07468065,0.00026258625,1.0998938,3.8567195,-0.038026102,0.116770476
3151666,-0.05316707,0.059591003,0.00036752693,1.0176028,1.869215,-0.053288557,0.073910505
3167746,-0.005096648,0.011005988,8.925301e-06,-0.0018131733,0.017057419,4.1261315e-05,-0.000121191144
3169935,-0.03914912,0.059693664,0.0002694998,0.7750155,4.300748,-0.03362193,0.18478441
3183805,-0.026279444,0.019563196,8.22701e-05,0.0020445585,5.1372404,-0.00035200268,0.09799661
3187514,-0.036042362,0.05309666,0.00022700404,1.4222078,4.6905727,-0.048749324,0.14097422
3201701,-0.064309165,0.029816994,0.0003846102,1.9013729,12.887434,-0.120218225,0.27825478
3210206,-0.03257557,0.0544311,0.00029621858,4.3540483,8.539002,-0.13669032,0.39990664
3211679,-0.024622528,0.01587028,7.1802264e-05,0.002642274,1.9903045,-0.00041607767,0.033530444
3234716,-0.026848765,0.020642823,9.444659e-05,0.030807853,6.699462,-0.0013827085,0.13213027
3259411,-0.055409793,0.0706341,0.00045514986,2.364208,3.9948454,-0.11425102,0.16960585
3264884,-0.037373707,0.05849309,0.00026165487,1.4658461,6.8710303,-0.05280643,0.20146489
3265457,-0.063473314,0.0590937,0.00041771785,1.201044,10.517438,-0.080007076,0.38523626
3266352,-0.032670993,0.037140526,0.00011446318,1.0437348,10.228883,-0.032569375,0.26027194
3269565,-0.04999754,0.020426352,0.0002745579,1.0027033,5.4116526,-0.049844556,0.088123485
3269819,-0.015716929,0.04245375,0.00011186565,0.018872857,16.44714,0.0004053712,0.4123838
3274817,-0.043375272,0.06159412,0.00019867902,4.3883405,13.981947,-0.18849857,0.53851837
3318135,-0.059705377,0.027427949,0.0004226566,0.99061227,6.330818,-0.059333347,0.16106078
3323117,-0.042599324,0.03808755,0.0001730957,1.0777419,7.7240047,-0.043242373,0.21241856
3325209,-0.047154073,0.029433409,0.00018778369,3.9459867,10.239611,-0.1544402,0.21576233
3359593,-0.06144018,0.07150653,0.0002730919,1.0266339,11.285767,-0.06355223,0.27917105
3370989,-0.034830242,0.04369465,0.00016700782,1.9174705,2.1699677,-0.0639767,0.094260894
337666,-0.053232387,0.09658827,0.0007328544,2.3810105,4.977148,-0.11304368,0.27271175
3378420,-0.053111076,0.059664495,0.0003843712,1.0208826,2.005989,-0.05307845,0.07658546
3395921,-0.053006932,0.019831354,0.0003241436,0.9661151,4.583843,-0.053698752,0.08023155
3398536,-0.016273305,0.0326697,9.373203e-05,-0.021863699,6.108722,0.000836093,0.16262908
3414356,-0.052999467,0.056309517,0.00035486667,1.0020808,4.645499,-0.053254925,0.121992
3425174,-0.021350367,0.044958852,0.00021599715,-0.0012081861,3.475799,-0.0015028007,0.118182905
3452749,-0.025986908,0.021198815,8.200933e-05,-0.0018138885,9.572744,0.00048642978,0.17312549
349850,-0.06663619,0.038605973,0.0005689261,0.9866238,5.193097,-0.06774456,0.1546697
3515580,-0.04876662,0.0755337,0.0002779684,1.0216849,6.868552,-0.044186994,0.23247236
352111,-0.05311936,0.029299894,0.00032159503,2.0225637,14.556033,-0.1055989,0.35995567
3525176,-0.026400747,0.020634122,8.21164e-05,-0.00033056736,8.45029,1.8779188e-05,0.15491375
3546460,-0.05311151,0.059524793,0.00041600512,1.0217161,2.5477777,-0.052925754,0.08361306
3572203,-0.057863068,0.023862042,0.0003585377,1.0127351,8.433504,-0.057856347,0.16617128
3573480,-0.060213715,0.029192423,0.0004967229,1.021526,7.7564435,-0.05945072,0.19996352
3589456,-0.038769055,0.027460922,0.00013637662,2.9137397,8.73462,-0.10686572,0.19205666
36119,-0.05312397,0.05944336,0.00039750908,1.0223557,2.1656418,-0.05298891,0.078573614
3639400,-0.028203959,0.028353244,0.00011133736,-0.008871198,9.126733,0.00071020424,0.19990498
3663158,-0.037220843,0.080507286,0.00027274888,1.2173957,7.774567,-0.044632114,0.22537985
3682850,-0.06008781,0.028793495,0.00049743115,0.9963376,10.458867,-0.061090767,0.230203
3686115,-0.05306471,0.021580756,0.0002944256,1.8329948,9.381905,-0.092669874,0.17147103
3690931,-0.057824764,0.022799347,0.0003541028,1.0095077,8.770956,-0.058012825,0.16354972
3709920,-0.024985336,0.01751404,6.28032e-05,0.0047866106,4.902356,-4.4312328e-05,0.080474846
3715043,-0.025032058,0.021974804,8.0381564e-05,0.0040482283,11.44539,0.00011225417,0.21948679
3727287,-0.04694234,0.04972761,0.0003307569,2.0080502,7.310895,-0.09413963,0.2840958
3738859,-0.025815917,0.028776992,0.0001202359,0.030344129,8.012163,-0.0006148927,0.16851556
3746675,-0.022647282,0.025280047,8.0720085e-05,-0.005637884,7.289319,0.0011475869,0.15224047
3761215,-0.025585787,0.032304313,0.00013372346,0.0021474361,6.176859,0.0015370883,0.17861456
3762186,-0.017560774,0.046212308,0.00024259168,-0.030739188,3.921349,-5.8356673e-05,0.12642907
3775790,-0.04475258,0.029242724,0.00020464443,1.7844074,6.319721,-0.071798444,0.14385605
3777264,-0.057824172,0.078749835,0.00067773706,1.6648263,7.1128807,-0.09205453,0.27379173
3802803,-0.03985326,0.03330752,0.00015851129,2.9828305,12.877367,-0.114077,0.3343717
3843583,-0.03692827,0.057751827,0.0002460669,1.2137648,7.050535,-0.041530825,0.20490533
3867265,-0.057886377,0.033598173,0.00047721123,0.99668455,6.9343386,-0.05798614,0.20319328
3968043,-0.06118565,0.029294685,0.00051317335,1.3078804,7.766465,-0.07483988,0.20177281
3968739,-0.055185948,0.03160227,0.0002830257,1.1466727,8.846252,-0.060055085,0.22660491
3969312,-0.05947618,0.037912127,0.0005544331,1.5836039,5.1446075,-0.08807314,0.168883
397645,-0.056195587,0.027527107,0.00027035346,1.0138187,9.192143,-0.0573851,0.21248148
3976574,-0.018890737,0.040907186,0.000101169935,-0.011690259,12.695279,9.72338e-05,0.35045654
3980099,-0.019418348,0.037223816,0.00012633744,0.012035489,7.4178367,9.993464e-05,0.18419218
3982371,-0.056812026,0.026523147,0.0003357207,1.43709,9.309628,-0.074277736,0.24049398
3999471,-0.027706187,0.036798242,0.00013423823,0.060937047,5.240363,-0.0010816902,0.15878177
4013838,-0.058171876,0.027909815,0.0004492038,1.04611,10.57211,-0.05928791,0.22992143
4035953,-0.037640702,0.07486035,0.0002566794,0.9006969,3.959434,-0.03391026,0.11731593
4039055,-0.05264919,0.091795444,0.00071311806,2.1442308,4.845546,-0.1033757,0.2758177
4043951,-0.023779983,0.017848426,6.5711356e-05,-0.0011019707,7.487562,0.00043851137,0.122218415
4043987,-0.0047703683,0.011671746,1.0166841e-05,-0.0005635023,-0.0026340485,5.7518482e-05,-9.076297e-05
4059279,-0.051337816,0.021554833,0.00023600238,2.212667,3.467939,-0.1026409,0.06273626
4149784,-0.021614755,0.035240434,0.0001196283,0.009001255,8.123858,-0.000279814,0.25317046
4177472,-0.0045969635,0.013236599,1.2052042e-05,-0.0004825592,-0.012419701,5.83753e-06,7.212162e-06
4188615,-0.0805724,0.04108594,0.00067634217,0.8987014,9.001299,-0.07794238,0.278225
4193752,-0.047490392,0.040792953,0.00031517574,2.1392858,5.55583,-0.10186372,0.16616932
4218209,-0.05038808,0.05438375,0.00029874418,4.250016,7.5845594,-0.16292734,0.22658023
4219614,-0.014489595,0.036587115,9.449225e-05,0.02648735,8.753017,-0.0007032268,0.20598665
4252724,-0.025980446,0.021360973,8.574421e-05,0.003856659,5.9729824,-0.00018715113,0.11709886
4287564,-0.05452612,0.036414426,0.0002737579,1.1521394,4.115761,-0.05793751,0.11318181
4291494,-0.05248785,0.03829849,0.00027888047,0.9619878,4.1782303,-0.05435124,0.14466803
430089,-0.02988305,0.039645407,0.00013842937,0.06595588,5.364373,-0.0012585409,0.12984198
4305650,-0.058387607,0.035981216,0.0004261129,0.9222182,3.265799,-0.055712413,0.12234546
4338603,-0.04963564,0.09447035,0.0006969903,2.2630591,5.7245545,-0.10461251,0.29722065
4364398,-0.015485004,0.04031922,0.00012876236,-0.00053858757,5.313836,0.0007898025,0.16898292
4371692,-0.07157039,0.0800384,0.00069063867,2.313026,6.704351,-0.13514946,0.27221563
4375719,-0.005133286,0.010991083,8.830801e-06,-0.0013862848,0.017800331,1.8473715e-05,-0.00012846291
4395315,-0.030856501,0.08102059,0.00030847028,0.7238911,3.668446,-0.022617325,0.15905121
4434915,-0.021830134,0.036905497,0.00012957436,0.03378892,3.159699,-0.0014170334,0.10038656
4463913,-0.054946736,0.031265646,0.00035002112,1.9876146,13.826944,-0.10685362,0.35087147
4465023,-0.014813343,0.041195896,0.00016274939,0.02154398,3.5549803,3.251806e-05,0.111739255
4479135,-0.02312097,0.025335902,7.868391e-05,-0.0018680096,12.635723,-0.000293836,0.2665642
4483973,-0.027441867,0.03176059,0.00012678604,0.010388136,5.1530037,-0.0006711893,0.139785
4494568,-0.018298497,0.02972186,8.052935e-05,0.00369215,6.697611,0.00089753047,0.16450597
4506634,-0.010900661,0.056958813,0.00025836428,0.0005031824,3.9832845,0.00018765032,0.13657731
4553008,-0.013210058,0.03505832,0.000108737615,-0.02855444,5.1364512,-0.000978455,0.15509644
4561957,-0.004395053,0.012894055,1.2085366e-05,-0.0017666817,0.022489548,0.00012619421,0.00013510883
4584540,-0.05178787,0.029942757,0.00021165647,1.4972366,3.2838907,-0.06883884,0.07907359
4587267,-0.046027888,0.07460953,0.00038989057,3.4193978,7.6508775,-0.14286336,0.35022694
4603202,-0.036854,0.03717974,0.00013031678,0.8502543,7.687406,-0.030534908,0.21872841
4609460,-0.055916592,0.08334042,0.0004362174,1.7864978,5.799252,-0.08158665,0.1823578
4613090,-0.06841865,0.040021557,0.00037907073,0.98102283,7.9572334,-0.06810065,0.253825
4620651,-0.050208468,0.02843108,0.0002565956,0.9985007,9.269825,-0.049974367,0.21831222
4630641,-0.054422252,0.023846306,0.00031512024,1.590421,7.7384834,-0.083978504,0.16351351
4639255,-0.054988228,0.069447145,0.00048503262,2.0157852,3.5126233,-0.10231958,0.16144729
4678740,-0.02210694,0.041011877,0.00017725636,-0.048195124,9.536842,-8.9898705e-05,0.2946235
4683624,-0.03923907,0.07670537,0.00026757873,1.0867202,4.582118,-0.041744113,0.14095528
4687447,-0.056797333,0.047626175,0.00035209896,1.6438634,11.476182,-0.07899659,0.25312638
468867,-0.023135396,0.047809068,0.00018339424,-0.01920116,9.391871,3.97712e-05,0.2783815
4690963,-0.0596843,0.02176904,0.00035765348,1.5833662,8.47705,-0.08904207,0.16070338
4694328,-0.056700923,0.029967256,0.00046012003,0.99729395,5.923917,-0.05597157,0.15034863
4699732,-0.028150812,0.039629918,0.00013552087,0.11655533,4.413926,-0.0044992305,0.14226922
4715906,-0.0050965287,0.012181776,1.0929129e-05,-0.00013792515,0.006975174,-2.4009496e-05,0.0001655966
4759887,-0.022062417,0.028602693,9.6016985e-05,-0.00074231625,7.9035835,0.000528194,0.16178201
4762983,-0.024612946,0.017092949,5.8752586e-05,0.004536748,5.0462584,0.00027562678,0.083166294
4780078,-0.03805931,0.07589014,0.00025925663,1.0246542,3.9210024,-0.036060713,0.12382355
4792268,-0.063363716,0.08976099,0.0006347644,1.0014373,4.1647134,-0.0639319,0.14973702
4845722,-0.011230528,0.033426125,5.653099e-05,0.022457838,11.919036,-0.0005932376,0.2604901
4850657,-0.043066587,0.051071435,0.00045020384,1.7748003,5.538444,-0.07405154,0.23603867
486214,-0.06352529,0.064172104,0.00038910937,0.8615669,10.204094,-0.05342371,0.32296652
4883284,-0.035185654,0.05647724,0.00024557524,1.4075749,4.2405257,-0.050537176,0.11970612
4884177,-0.06016104,0.030582048,0.00031900898,0.9931442,6.9513464,-0.06084195,0.15735316
4893032,-0.06457251,0.036081195,0.0005002802,0.9738178,9.153948,-0.06398628,0.24079679
4924862,-0.055014364,0.031366896,0.00034616762,1.006543,10.88221,-0.055666007,0.21876232
49274,-0.030150283,0.03887426,0.0001333456,0.21616781,6.540415,-0.008181598,0.15579285
4934872,-0.05258373,0.02901638,0.0002211429,3.0811954,11.793075,-0.1267478,0.23303068
4936555,-0.058939524,0.07066209,0.00041576588,1.2676481,8.145071,-0.0714946,0.26236722
4964807,-0.03460828,0.046153907,0.00022233896,2.9754925,9.950246,-0.09879747,0.3941395
4983965,-0.037412,0.021071373,0.00016458263,1.936448,7.586572,-0.07372113,0.1434592
5003962,-0.06011691,0.06978489,0.0005527943,1.9576657,4.8868074,-0.10323872,0.25219584
5006685,-0.06058243,0.03384922,0.0004645657,0.988194,9.242775,-0.05964262,0.22044042
5026370,-0.053036943,0.050393254,0.00039558555,1.8744178,7.5415754,-0.09862429,0.33457345
5052949,-0.038106155,0.019407947,0.00016938508,1.8915774,6.584076,-0.07358392,0.12083709
5056289,-0.053685125,0.020528486,0.00032565295,1.0023715,4.8678217,-0.054735668,0.08706542
5063386,-0.062919326,0.098127484,0.00059682643,1.977495,7.446427,-0.108509555,0.2997208
5072416,-0.04066904,0.057573177,0.0002526186,3.7876105,8.880239,-0.13529128,0.27582255
5076071,-0.046894565,0.07170605,0.0003200583,4.0618644,16.523647,-0.17270242,0.4980446
5079234,-0.05317139,0.05948633,0.00040669148,1.0216442,2.3547492,-0.052944265,0.08139447
5094777,-0.026372135,0.021220312,9.450909e-05,0.050425768,8.307045,-0.0022535436,0.15594566
5110043,-0.024546646,0.021009184,7.944608e-05,-0.004935503,11.740804,-0.000498835,0.22238211
511661,-0.022649122,0.02103388,7.24429e-05,-0.017752647,5.3039455,0.0015322305,0.1129254
5123639,-0.05408694,0.05748228,0.000429697,1.0026231,5.4731317,-0.054066397,0.13631357
5157661,-0.00489641,0.011915386,1.10588735e-05,-0.0033547878,0.022669792,0.00014502928,0.00014817715
5200358,-0.05878746,0.058653228,0.00041507144,1.795202,9.21423,-0.10388681,0.2755064
5220185,-0.050024603,0.031203099,0.00027980897,1.9821365,7.875278,-0.09376289,0.18009678
525934,-0.02601358,0.03743005,0.00016688829,0.31022882,4.194434,-0.010006271,0.11767854
5263791,-0.024673514,0.021971751,8.1158345e-05,-0.008735657,11.590032,0.00034883246,0.22588025
52782,-0.032456834,0.06768849,0.00038709163,2.804576,6.2514834,-0.09125966,0.40434295
5282042,-0.037199583,0.024225555,0.00011066145,0.6430079,8.403808,-0.02398346,0.15741116
5286200,-0.024392312,0.036425684,0.00012299528,0.05203545,5.540192,-0.0007711798,0.16023658
5310099,-0.024347052,0.01722442,6.326684e-05,0.005830407,5.8266125,0.0003761761,0.09607503
5311804,-0.040234603,0.07038602,0.00026585849,1.4778877,4.455456,-0.051645048,0.12933232
5326154,-0.033933103,0.030025043,0.00014220383,1.7867839,8.735628,-0.06235055,0.17679285
5346580,-0.05803378,0.029234137,0.00046485243,1.0223687,11.275682,-0.059395365,0.24243271
5347550,-0.019507032,0.04698918,0.00013574498,-0.008359075,7.37483,0.0010787435,0.20682846
5371840,-0.02474933,0.027948517,9.492911e-05,-0.06574321,9.001138,0.0018774681,0.24197933
5390332,-0.058542795,0.025795327,0.00035449475,0.99453264,11.236233,-0.05594554,0.21246561
5393242,-0.06378351,0.029819433,0.00033846626,2.1647034,19.613533,-0.11651105,0.41949657
5445548,-0.027650597,0.020935582,9.5014795e-05,0.007725358,6.7197685,-0.0006220713,0.13015698
5449201,-0.0051875636,0.011057891,8.658855e-06,-0.001082778,-0.015916824,-7.7236444e-05,-0.00067831576
5456566,-0.0099426545,0.03897154,5.3354423e-05,0.013990998,20.131363,-0.0005367696,0.45370203
5467162,-0.036890406,0.07616486,0.00025348947,1.260884,7.4045444,-0.04899275,0.20777673
5471704,-0.057164304,0.026074676,0.0003764878,1.0014206,10.92403,-0.05796453,0.21376833
547634,-0.023904,0.021473143,7.668628e-05,-0.0033944845,12.657302,4.3500215e-05,0.24794064
5494918,-0.006053932,0.0521489,0.0001706767,0.02398014,7.950515,-0.00036573038,0.31216103
5499659,-0.06783414,0.03799342,0.000491283,1.0569665,7.6712003,-0.07070222,0.24308921
550662,-0.041856434,0.020869527,0.00020533253,3.6655903,7.520973,-0.14342237,0.1515382
5510474,-0.022114381,0.03389573,0.00011370404,0.06650448,9.512604,-0.0019521341,0.2733079
5518547,-0.040469278,0.05635685,0.00026533558,2.0318313,4.2273207,-0.0748125,0.13946258
5520946,-0.026512153,0.041780926,0.00014179184,-0.0030192137,3.8459477,-0.0005181283,0.10696306
5538249,-0.016644362,0.03281622,9.614715e-05,0.009138942,8.755684,-0.00026728585,0.24281392
5561855,-0.017653164,0.03522415,0.000109253204,0.020231843,8.919796,0.00042127445,0.24544661
5571660,-0.035734057,0.045660257,0.0001925627,1.1347369,7.144807,-0.038931243,0.17635262
5600967,-0.07300208,0.041127965,0.0005649746,1.563806,12.985822,-0.09853235,0.3831448
5616693,-0.059545226,0.025707137,0.00042230333,1.0056973,10.185715,-0.060254537,0.20908578
5627459,-0.057187304,0.029974608,0.00044282526,1.0172906,8.165614,-0.058245394,0.20015378
5631798,-0.057945725,0.03508333,0.0003830141,1.9783545,5.2596855,-0.0917788,0.16372451
5665561,-0.024468575,0.021066437,7.762546e-05,0.0023046732,12.412279,0.00013090298,0.23665121
5690766,-0.024863757,0.02071565,8.072375e-05,0.0049494505,9.076612,9.810552e-05,0.15964513
5692472,-0.05064459,0.03404906,0.00026092125,1.0024464,1.7475762,-0.05206657,0.053450122
5708811,-0.055635888,0.06391952,0.0004408087,1.5656109,7.671401,-0.07610566,0.3167183
5732611,-0.069852576,0.0692093,0.0006704546,0.99940306,2.4123626,-0.07162644,0.11111525
5747188,-0.05155572,0.036581405,0.0003650274,2.06693,7.0835733,-0.10498604,0.16474353
5747981,-0.06702253,0.027173456,0.00038355845,2.371821,8.1293545,-0.13114941,0.17944245
5759258,-0.053128414,0.05945727,0.00042912713,1.0167159,2.8519192,-0.05262555,0.08770741
5760563,-0.043250285,0.03764821,0.00021989821,2.0632958,7.7211566,-0.09027095,0.24572931
5816127,-0.05188031,0.05324904,0.00034591323,2.0289977,8.859702,-0.09862242,0.23483206
5852491,-0.004819628,0.010829395,9.490788e-06,0.0008765459,-0.065392494,0.00010569766,-0.0009961873
5857,-0.05380533,0.03097884,0.00019210238,0.94179034,7.2735395,-0.051102433,0.17844579
5880265,-0.056404397,0.047764897,0.0003369549,1.7609339,12.214733,-0.083675355,0.2572254
588781,-0.025570579,0.020975616,7.961468e-05,0.011210561,7.3218694,-0.00022153556,0.13883954
5890803,-0.05782324,0.023548616,0.00036751854,1.004957,9.16095,-0.057895806,0.17686099
590519,-0.03267455,0.026563065,9.8592835e-05,1.9739046,9.123672,-0.06282581,0.19030555
5917842,-0.060235582,0.073873684,0.00029236218,0.9531759,10.549101,-0.057139512,0.2826956
5935995,-0.0042579025,0.012789426,1.1805794e-05,-0.0047073364,-0.01931572,0.00025565922,-0.00021606684
5948990,-0.054613635,0.077754326,0.0005857578,1.6218029,7.869846,-0.08766155,0.26369634
5952846,-0.010584023,0.031915963,6.46901e-05,0.0076323748,7.232254,-0.00020525604,0.17642051
5973402,-0.053202324,0.06030263,0.00044244312,1.0015748,3.5106974,-0.053814597,0.09841976
5977084,-0.05791875,0.032424323,0.00031593145,0.96493685,5.7140713,-0.059209455,0.12989672
6006813,-0.048785247,0.040551253,0.0002579378,2.1698008,6.7111335,-0.105573535,0.20835157
6055410,-0.066378996,0.08874285,0.0006892994,1.4708513,7.860788,-0.08269663,0.28651386
6060301,-0.05673159,0.035333358,0.0002997683,0.9972668,2.0668888,-0.057686657,0.07083224
6081058,-0.06207849,0.034838278,0.0005126577,1.0060194,10.518936,-0.06253103,0.24392568
6082662,-0.06092702,0.07709759,0.00073546055,1.6511935,7.367859,-0.09950911,0.29124263
6091882,-0.02244464,0.016141267,6.147091e-05,0.028493881,5.9334774,0.0015655719,0.104159355
6102880,-0.032435857,0.02573306,8.9635534e-05,0.5895655,11.296496,-0.019651935,0.24110341
6115639,-0.049751244,0.035721194,0.00023521206,2.4467008,8.567382,-0.103106886,0.22776118
6175884,-0.061637826,0.036372945,0.0005271133,1.1859155,6.206255,-0.07313116,0.17127028
6190089,-0.015029678,0.044428848,0.00015358154,0.022544026,8.003749,-0.00044798478,0.23695834
6195751,-0.06427362,0.065648235,0.00048654084,0.95279515,9.486611,-0.064445145,0.3526646
6198745,-0.05710959,0.03813777,0.0003578104,3.2394388,16.023773,-0.15608715,0.43565497
6201330,-0.055796314,0.08467726,0.00040043,1.8454342,5.138608,-0.081544705,0.1662932
6232400,-0.051251866,0.04164707,0.000363578,1.9339173,5.855682,-0.09574444,0.16733697
6235784,-0.028956767,0.024442645,0.000102247446,0.10412431,9.432489,-0.005187448,0.18114781
6239320,-0.061226845,0.09422223,0.0008109818,1.8979733,5.026771,-0.10776501,0.37675697
6248915,-0.056915924,0.035412002,0.00026010815,1.0032731,1.9908514,-0.057533722,0.070145264
6250025,-0.021763977,0.028844371,9.465775e-05,-0.004708767,7.744695,0.00070506334,0.16078994
6257907,-0.03285695,0.06785545,0.00034033088,0.48532522,3.8276796,-0.02091397,0.15818134
6266306,-0.05820939,0.041886903,0.00045761716,1.0278561,2.9267383,-0.057453386,0.08365774
627267,-0.025813408,0.029206876,0.000112825626,0.0032012463,6.0910263,0.00086000934,0.14725687
628086,-0.04481452,0.08127113,0.00036978585,1.0766323,3.650642,-0.05070231,0.16740604
628951,-0.022690887,0.033462502,0.00012215956,-0.007766843,7.5501366,0.00023187324,0.21278352
6303022,-0.0599002,0.029981315,0.00032150085,1.0109051,8.560305,-0.060849473,0.18483265
6309289,-0.055666387,0.036221784,0.00034374057,1.016846,1.3459201,-0.055878326,0.0395682
632905,-0.059274927,0.037301224,0.00045944826,1.8981767,13.363995,-0.10154441,0.35853767
6334915,-0.05644449,0.048894275,0.00024699175,1.9956188,12.7348,-0.09399614,0.3660603
6338073,-0.048343766,0.050728377,0.00023624953,5.4336042,7.021512,-0.21218932,0.21345225
6353617,-0.05399087,0.04068374,0.00035485686,1.9175819,8.639549,-0.09935062,0.22033766
6358463,-0.02444662,0.041640192,0.00019185389,0.0055861473,8.080566,-0.0021800399,0.25248358
6359135,-0.0067894086,0.045803104,0.0001016833,-0.017239809,4.124181,0.00024553016,0.13743758
6359156,-0.021668876,0.03046123,0.000102843405,-0.008182645,8.560247,0.0003347881,0.23352775
63712,-0.046327915,0.013600038,0.00019175859,1.0045363,0.31918716,-0.04646901,0.0014196783
637522,-0.020608278,0.02459585,7.515936e-05,-0.033594728,11.0037775,0.0010571815,0.2720701
6416775,-0.0051156133,0.010859208,9.143114e-06,0.0010896921,-0.01577282,-2.56598e-05,-0.0003543496
6430250,-0.02737656,0.021422902,9.430373e-05,0.025458097,7.63828,-0.000887949,0.14839678
6456034,-0.05758163,0.022641817,0.00039443193,1.0005382,8.628092,-0.05815373,0.15605152
646007,-0.056659583,0.036493193,0.00040201785,1.0207894,2.247696,-0.057421595,0.054851115
6474572,-0.017352464,0.03563806,0.0001250139,0.016451597,2.8588676,-0.0005588606,0.09558424
6497672,-0.05946839,0.03723925,0.000460756,0.9972152,5.0878186,-0.060888715,0.15625873
6522117,-0.06636271,0.037737396,0.00036351223,2.0985975,16.72335,-0.10471785,0.43769217
6571751,-0.023687536,0.01392819,4.7165246e-05,0.00055217743,-0.09419918,-0.00024447218,-0.003744781
6619554,-0.057696026,0.023948979,0.0003699261,0.99886054,8.891103,-0.057656653,0.16716051
6620221,-0.056820594,0.047251828,0.00036579726,2.5662644,12.908733,-0.13374466,0.315178
6632459,-0.053043306,0.032861937,0.00037454185,1.0107566,6.5212173,-0.054539472,0.17361479
664966,-0.014166985,0.044082675,0.00016751264,-0.0018752813,3.933556,-0.0006804727,0.1410068
667278,-0.016072333,0.04169254,0.000120422046,-0.0054596663,13.800491,0.00023764,0.36367705
6688723,-0.056410193,0.067724556,0.0003222188,1.1088554,8.599979,-0.06222178,0.3143189
6714389,-0.059423737,0.03443832,0.00035950379,0.9771036,2.9761348,-0.060725223,0.07428339
6727159,-0.04604625,0.08908494,0.0004882884,3.0718284,4.6244106,-0.1303592,0.22126774
6733657,-0.025342358,0.05257974,0.00020396369,-0.020783782,9.665192,0.00017371774,0.27475926
6739648,-0.045622684,0.024926502,0.00023896567,2.3081512,7.190007,-0.10355081,0.16219956
6743808,-0.038507532,0.0780343,0.00030798186,1.5264302,5.033801,-0.056693867,0.1555346
676247,-0.0050228387,0.049231008,0.000136449,-0.084067464,2.770751,0.0009246506,0.09016817
6794076,-0.05047807,0.03990596,0.00030220998,1.9752679,8.120175,-0.09773624,0.2085938
6804509,-0.011205595,0.036774077,8.228795e-05,0.00083673,7.7308474,-3.436953e-05,0.2042545
6812653,-0.005065378,0.010982074,8.836476e-06,-0.0026978254,0.021985054,1.17607415e-05,-0.00015179813
6843802,-0.030717218,0.044150352,0.00015085853,0.38869464,7.0628924,-0.011913724,0.20434509
6854178,-0.053687837,0.030389052,0.00030947523,1.0491105,10.435236,-0.05215942,0.20872584
6861308,-0.06590876,0.0635391,0.00041162054,1.0361211,6.064925,-0.06734462,0.19062343
6896128,-0.0049387626,0.011778014,9.867246e-06,-0.00056290627,0.004511833,4.020706e-05,-9.670854e-06
6911232,-0.04605825,0.01841411,0.00023655224,1.021678,4.448758,-0.046356793,0.06688249
6917738,-0.056466,0.037151817,0.0003042186,2.0172088,6.2491617,-0.10548653,0.14954963
6929123,-0.051445544,0.04282981,0.0003331922,1.0787815,7.7781754,-0.053516675,0.2236253
6935906,-0.05668086,0.025769666,0.00025413404,1.0236183,15.819353,-0.056967825,0.29979336
6973347,-0.06607897,0.02786448,0.00043368165,0.9621445,10.422209,-0.06328749,0.21973471
6978427,-0.05482311,0.02609821,0.00034759013,1.0161926,11.145412,-0.054082442,0.20254727
6981465,-0.057933267,0.026637634,0.00037864098,1.0257353,11.478949,-0.057175502,0.22327909
6988468,-0.056327883,0.030277412,0.00026108898,0.99544203,5.1653166,-0.054700956,0.12375122
7009711,-0.039216124,0.0784119,0.0003051717,1.5366855,5.663581,-0.05741132,0.15639286
7010316,-0.05457473,0.061159052,0.0004305485,0.99597496,3.5390425,-0.05439573,0.10056971
7015518,-0.04486822,0.021459624,0.00021714697,1.2055868,5.934276,-0.05219308,0.0866339
7017274,-0.02415712,0.025708627,8.986563e-05,-0.007252574,9.640874,-0.00033453107,0.23710531
7039935,-0.036262058,0.07728999,0.00026923342,1.6108354,6.285775,-0.05531492,0.19031057
7047032,-0.028130017,0.024694264,0.00010419685,0.12435961,9.169729,-0.0043546557,0.17990562
7066554,-0.02833747,0.08987157,0.00041421433,0.037342668,3.9720554,-0.0005286634,0.16441733
7099614,-0.02447232,0.03716607,0.00012916636,0.028886437,4.4744387,-0.0012853481,0.13933918
7106722,-0.0046278536,0.011799594,1.0338641e-05,-0.0022904873,-0.010817528,0.00011109188,-0.00022095442
7142697,-0.056590237,0.035188854,0.0003243186,0.9941731,2.15096,-0.057630148,0.07172771
7150646,-0.01432246,0.035463102,0.00012522069,0.008927107,5.861328,0.0001864694,0.18775927
7157427,-0.027703108,0.026642192,0.00012756756,0.0030509233,9.207448,-1.6383827e-05,0.17763075
7176248,-0.042412527,0.051653117,0.00021555542,5.2570763,15.126926,-0.19828503,0.5550195
7176290,-0.054872803,0.0966865,0.0006127191,2.491943,6.416626,-0.113797516,0.26269376
718988,-0.05693449,0.035380986,0.0002857347,1.0011584,2.0210137,-0.057616044,0.07048991
7200804,-0.04189677,0.06445888,0.0002499513,0.947271,4.4124804,-0.039526876,0.1894862
7203421,-0.06831491,0.06970455,0.0007728385,0.9994024,1.6269665,-0.06877598,0.12488284
7227357,-0.051335327,0.054329664,0.00035392665,1.0102164,3.509964,-0.05093434,0.09436112
7239499,-0.030231874,0.02797972,0.00010141617,0.6363539,8.639194,-0.01824065,0.22479087
7261305,-0.062713504,0.03941687,0.0004038123,2.057837,7.9185176,-0.11022455,0.16099985
7295828,-0.03386739,0.030096862,0.00013067924,0.81112826,8.2342205,-0.02667832,0.19910455
7298388,-0.04921202,0.03742117,0.0003309413,2.1966884,6.9703097,-0.107857056,0.18119776
7326706,-0.049909577,0.03998998,0.00019360647,3.1521578,15.395865,-0.12367383,0.36297923
7326982,-0.05263592,0.06239336,0.0004578595,0.99862665,2.5801716,-0.05357967,0.0980456
7360181,-0.03814479,0.03643615,0.00015103917,1.308811,11.021683,-0.052588828,0.31855595
7364468,-0.064693585,0.0346008,0.0005172406,1.2888346,9.246212,-0.075095,0.23237684
7375018,-0.060281314,0.029153965,0.00047962787,1.020613,7.3758254,-0.060046583,0.18800358
7378987,-0.056812197,0.052095685,0.00031544524,4.082438,10.767404,-0.16978545,0.2937789
7393673,-0.056894716,0.03507596,0.000307264,1.3223572,15.881578,-0.07024582,0.39490864
7415647,-0.056015477,0.041088577,0.00033893547,3.0780349,13.68104,-0.15490974,0.43370974
7417968,-0.0562971,0.02681895,0.0003114574,1.9598229,10.821068,-0.09646526,0.22722799
7455579,-0.054430597,0.029790837,0.0003212379,1.0264939,10.846261,-0.054845672,0.2148106
7463408,-0.054211475,0.07872638,0.0003767593,0.95969146,5.711768,-0.054960717,0.2088175
7463799,-0.051513024,0.060021874,0.0002593646,1.0864948,11.736389,-0.05635224,0.28147835
7497999,-0.060723882,0.03728265,0.00043179112,1.0489659,6.6767883,-0.063329466,0.21682957
7532833,-0.044211723,0.033624165,0.00025989476,0.98166376,2.6756306,-0.04499423,0.12871778
7542832,-0.048471518,0.014003707,0.00021539375,1.0009518,0.3715129,-0.04856525,0.002734512
755351,-0.04678504,0.05418507,0.0002866114,4.4244795,7.758361,-0.16371636,0.23605512
7573149,-0.06054777,0.025243022,0.0003886213,0.99611163,11.176846,-0.060531322,0.22420922
7578802,-0.010234036,0.051643938,0.00019572338,-0.0038694143,3.7626696,-5.403906e-05,0.14580944
7599023,-0.017769475,0.032827906,0.00010260375,-0.029610753,5.289233,0.0011152737,0.13944653
7608435,-0.056279074,0.026553795,0.00035451396,0.9822524,9.577453,-0.056461968,0.19735369
7608462,-0.017283188,0.033725355,0.00010788937,-0.025095463,4.71338,0.0006235279,0.12999156
7610437,-0.052037984,0.055113964,0.0003456903,1.0104303,3.1353683,-0.051858947,0.08832164
766666,-0.01305275,0.044275485,0.000119318036,-0.009717107,4.1368484,-0.00035889074,0.12595968
7676709,-0.06485463,0.028723666,0.0005004721,1.014798,8.080705,-0.06564948,0.18756767
7688753,-0.062921636,0.09371479,0.000734897,1.8358493,2.9306703,-0.09412262,0.14168799
7690440,-0.030516747,0.026458817,9.572532e-05,1.8799863,7.654543,-0.05866941,0.16987598
7708038,-0.024839187,0.031408668,0.00011869201,-0.0053691864,6.1325717,0.00035283715,0.169992
7732703,-0.004230939,0.044224855,9.321548e-05,-0.026690483,4.6947556,0.00050594285,0.1299099
7735340,-0.067611694,0.077382386,0.0007560778,1.819443,2.972281,-0.099921316,0.13064387
7754849,-0.05937854,0.03379588,0.00032566243,2.4407158,17.496552,-0.11313589,0.43826115
7758918,-0.06300042,0.09227692,0.0006246563,1.4954666,4.6686354,-0.08034645,0.15766187
7768165,-0.019527804,0.037623093,0.0001332693,-0.017323613,4.318081,-0.00032925978,0.14501378
7769613,-0.025661666,0.026865482,0.000107348824,0.052437186,7.374592,-0.0021011569,0.15504766
7774695,-0.03177903,0.046714626,0.00017726206,1.1385205,6.247735,-0.0385927,0.14252684
778352,-0.022851592,0.015568912,5.5415876e-05,0.008364558,2.0054488,0.00040897354,0.03130965
7794077,-0.054686233,0.106025845,0.00085344486,2.4472327,5.6807604,-0.12577683,0.32031304
7814642,-0.0140805,0.03635517,0.000101626356,-0.0068569183,6.9190536,-3.4246594e-05,0.18380114
7829570,-0.04211289,0.052328907,0.00022780593,5.134871,14.3654175,-0.19037233,0.5419495
7859387,-0.056418326,0.029893044,0.0004569097,1.00403,6.487383,-0.05593928,0.15800294
7860938,-0.05191735,0.03397318,0.00018420556,0.9924974,1.0257874,-0.051683445,0.03540045
7869158,-0.040268198,0.03375741,0.00017503524,3.017313,7.898913,-0.11695061,0.2213813
7893124,-0.026255809,0.02148243,9.1382884e-05,-0.00035119057,5.1820107,-0.0004746914,0.10074801
7912193,-0.055480637,0.08398454,0.00038650385,1.8963345,4.884062,-0.082027406,0.15583718
7913234,-0.057131484,0.043563556,0.00032426717,1.7260463,12.350321,-0.08249409,0.24845797
7943327,-0.058174517,0.024456019,0.00035775907,0.99819416,10.393519,-0.05631265,0.19794738
7977115,-0.051738434,0.052808374,0.0003309141,1.0167828,2.8285918,-0.051459707,0.08487765
7983227,-0.049603727,0.05825142,0.00034820352,0.9854981,3.861382,-0.049710937,0.102297895
7988076,-0.06396069,0.097046144,0.00082299183,1.6179327,2.1375928,-0.08211762,0.13172248
8006582,-0.004862558,0.010245416,8.612609e-06,0.0022369623,-0.1459856,0.000247892,-0.0020513982
8011706,-0.06196186,0.03407738,0.0005216452,1.0374447,6.8220434,-0.06467759,0.19141816
8048190,-0.069976464,0.070876904,0.00092405925,0.95622337,4.000452,-0.0723164,0.18774474
8052240,-0.052884024,0.06589266,0.00036638463,1.7618995,6.494796,-0.08475363,0.23446341
8057732,-0.028660156,0.09058495,0.00042906994,0.05647564,3.8046408,-0.0015840083,0.16282737
8117218,-0.039606992,0.035480004,0.00016281178,1.0108428,13.6277275,-0.04107442,0.36301124
8118832,-0.045717683,0.06269644,0.00034591416,1.0520236,4.9385037,-0.046947718,0.14900722
8124669,-0.06503683,0.035158575,0.00043285338,1.0603219,12.336271,-0.0692214,0.33087164
8127829,-0.025780566,0.021934452,9.237675e-05,0.027490139,7.114866,-0.0006332472,0.14274347
819018,-0.053816214,0.05802714,0.000310211,1.0635293,13.273357,-0.057839114,0.2985656
8191186,-0.015708089,0.047886495,0.00025998848,-0.0038321018,3.4365358,0.0017176531,0.11909631
8207196,-0.052995544,0.06078935,0.00034033408,1.9921427,5.6112638,-0.096409746,0.20974292
820789,-0.06341171,0.0902247,0.0006190592,1.0369631,4.3465066,-0.064085715,0.15437669
8208692,-0.013888106,0.040960107,8.7354885e-05,-0.003982663,15.564251,0.00024915114,0.3766191
8221999,-0.062125765,0.034552496,0.0005097928,1.0029707,6.0392246,-0.06246288,0.16362412
8260524,-0.024998978,0.037342448,0.00013573283,-0.04018426,4.067901,0.00078738853,0.12840626
8311303,-0.017554285,0.040750768,0.00011383978,0.007989287,11.713044,0.00036515668,0.3132636
8311321,-0.014675664,0.053433415,0.00032016978,-0.009298325,2.0327716,-0.0008494444,0.07245858
8320545,-0.04357472,0.042259317,0.00027488626,2.318195,5.6537886,-0.10391712,0.21664782
8337722,-0.052241743,0.05904892,0.0003089857,1.0190415,3.806199,-0.052729964,0.10585844
8337977,-0.05924521,0.030012328,0.00048780665,1.027398,9.098902,-0.06053999,0.20868698
8426916,-0.051970962,0.03429355,0.00024164721,0.99397856,1.6958723,-0.05197018,0.04252328
8427539,-0.06914861,0.07075533,0.00087048573,0.9852669,4.5760326,-0.07178989,0.17765577
8436428,-0.0045183524,0.012389164,1.1124241e-05,-0.0020934343,-0.035164833,7.930398e-05,-0.00042805076
8449031,-0.04737812,0.014597852,0.00017046306,0.97824764,0.01085186,-0.046742752,0.0025859773
8467917,-0.023584457,0.015124235,4.907146e-05,0.0013731718,0.50054216,8.876622e-05,0.0062477887
8492526,-0.056250155,0.030306943,0.00041068305,1.0082936,9.20341,-0.056888126,0.21283706
8514745,-0.057728067,0.02623872,0.00038642672,1.0056413,10.46421,-0.058583047,0.21201344
8522124,-0.02999142,0.03968825,0.0001385489,0.3728512,5.393357,-0.015413072,0.12793265
8525830,-0.021646256,0.029270358,9.2365415e-05,-0.009428501,7.425658,0.00076335296,0.15817347
852937,-0.02863113,0.08761133,0.00039300855,-0.00472641,4.2023215,0.0010022782,0.16855907
8558116,-0.05470798,0.025426524,0.00034113665,1.9090672,7.682541,-0.092644565,0.15544473
8573194,-0.05652429,0.03227685,0.00041627913,1.0361556,8.641992,-0.057590887,0.21463273
8578590,-0.06384055,0.037396077,0.00051975704,1.0938076,7.1044493,-0.06963468,0.21457745
859464,-0.058557596,0.02660093,0.00041476326,1.0110275,11.135949,-0.0601861,0.22313522
8614858,-0.0050845556,0.011028627,9.048643e-06,-0.0022997856,0.029418945,3.0994415e-06,7.688999e-06
8668219,-0.0045687594,0.012966583,1.2290402e-05,0.0007534027,0.03295231,-1.8492341e-05,0.0006458014
8685905,-0.013091672,0.0577187,0.00026548226,-0.008440852,3.7914119,0.0009751357,0.12697577
8691603,-0.03910257,0.078177914,0.00030159295,1.3526498,4.0396566,-0.051862776,0.13673493
8705848,-0.050704546,0.03354162,0.00019186924,1.0066087,1.3481679,-0.05011327,0.036941767
8713762,-0.05909667,0.023983456,0.0002782354,1.007071,6.907473,-0.058693375,0.13295656
8723116,-0.033391554,0.06652773,0.00032563726,0.5505125,4.011315,-0.023566063,0.15982588
8739734,-0.05969776,0.029044492,0.00048366777,1.0285616,9.781507,-0.060043465,0.23260781
8746821,-0.057381168,0.031622287,0.00026382782,1.0282978,4.8801746,-0.05707769,0.11380582
8754702,-0.05323721,0.030699229,0.0003048331,1.0413928,10.148897,-0.05091825,0.20385253
8764620,-0.05114204,0.04949534,0.00036874987,1.914614,7.51909,-0.0986184,0.33504248
8765203,-0.024816373,0.021421771,7.620093e-05,-0.011669636,8.010622,0.00033093616,0.1499355
8772587,-0.021832997,0.0296701,8.965109e-05,-0.015012145,6.9166594,0.0003975369,0.15181361
8785107,-0.053105026,0.019025398,0.00030371587,0.98837507,4.2786484,-0.05414871,0.0747529
8789465,-0.035012554,0.06682544,0.00021306523,0.99716926,6.125799,-0.035056733,0.22659932
8789864,-0.061245695,0.03916429,0.0004152908,2.760986,13.52363,-0.14392823,0.41505998
8798016,-0.048394416,0.04360114,0.00032423626,1.9566092,5.723558,-0.096255004,0.17879233
8809190,-0.026854506,0.020626338,8.530749e-05,-0.0016961098,8.058073,7.7813864e-05,0.14847633
8809274,-0.025456121,0.035028484,0.00013778699,0.057247877,6.1833315,-0.0017033704,0.18205854
8823527,-0.021526404,0.040764306,0.0001314168,-0.006333351,10.233673,-8.101761e-05,0.30386963
8827942,-0.023794739,0.03389765,0.00012927478,-0.0011954308,9.149521,-0.00023404136,0.2804968
8861672,-0.056766205,0.03178143,0.00026686193,1.0277114,5.3681016,-0.05810501,0.11610535
8882696,-0.05489898,0.022869484,0.00035126056,0.99659026,5.3245115,-0.056148693,0.09762015
8883511,-0.0632801,0.03721747,0.0005401403,1.043827,5.330021,-0.064422846,0.15845223
8885088,-0.023295285,0.01619215,7.2388255e-05,-0.00021576881,5.8331604,0.00056128204,0.09656514
8899867,-0.051056135,0.059989892,0.0003719399,1.0299838,5.835215,-0.052245088,0.12650892
8916409,-0.05533667,0.032920033,0.00029764857,5.07428,14.979624,-0.22574532,0.35579354
8966374,-0.05042439,0.03499364,0.0003005781,2.010132,6.947415,-0.09461142,0.17556205
8983100,-0.020724399,0.043466844,0.0001587028,0.018304944,4.160139,0.0011052452,0.15429655
900088,-0.025145153,0.021155486,7.8434925e-05,-0.0045444965,9.0096035,-7.095933e-05,0.15799059
9007496,-0.057631582,0.05535633,0.00031574737,1.7205111,7.5719705,-0.08690742,0.2150016
9015240,-0.02572524,0.02833379,0.00012508965,0.005063653,8.278029,-0.00010764226,0.16829157
9028462,-0.044701733,0.044678714,0.0002519827,1.05163,7.0394406,-0.046415195,0.2654624
902954,-0.039467663,0.0336305,0.00016413978,3.0998259,8.555249,-0.11528422,0.24581677
9029594,-0.034022294,0.032434486,0.00015004448,0.6715771,4.3140326,-0.023042023,0.1051549
9055303,-0.024241518,0.014582889,2.8438139e-05,0.087837934,1.6522827,-0.0026206374,0.029991359
9073553,-0.035237633,0.02206455,0.00014849163,2.478876,6.73149,-0.08573299,0.13161412
9100956,-0.0051479824,0.011104766,1.0392192e-05,-0.00057411194,-0.036935806,2.4728477e-05,-0.00063988566
9112978,-0.023051267,0.016142303,6.241126e-05,0.014510393,2.58503,0.00039084256,0.042530358
9114381,-0.056843206,0.05294059,0.00039326644,1.8815134,9.347002,-0.09580789,0.34666988
9121449,-0.029106818,0.04042902,0.0001386042,-0.008538246,5.367896,0.00065651163,0.13073361
9139060,-0.005318012,0.011578184,1.0536169e-05,-0.002546668,-0.027338028,-0.00012490898,-0.00025740266
9185328,-0.057310775,0.03562655,0.00036650957,0.9743376,2.731896,-0.058157664,0.080851644
9197172,-0.024788655,0.017068392,5.654867e-05,0.004086852,4.6577687,0.00025675446,0.07686648
9201263,-0.048775315,0.03827845,0.00028836998,2.0737965,9.791462,-0.10067284,0.29851273
9209581,-0.04244189,0.016842019,0.00017747251,1.1461635,1.3467331,-0.04941675,0.028846607
9246215,-0.025132004,0.020693267,7.638098e-05,-0.0028928518,8.177826,0.00021860003,0.14733177
9246351,-0.016985452,0.04347289,0.00019881348,0.0042250156,3.8544755,8.9321285e-05,0.13883474
9257453,-0.02851605,0.09260272,0.0004627895,0.08894718,4.098683,-0.0022424385,0.171689
9281946,-0.055258,0.041520372,0.00035560352,3.9581065,17.350075,-0.19366536,0.5072223
929676,-0.025695188,0.028501142,0.00012311616,0.022925258,8.0521,-0.00043743476,0.16529983
9407874,-0.059914336,0.029446714,0.000509339,1.0282223,7.535102,-0.059532337,0.19023287
9414831,-0.022919428,0.023452694,8.133473e-05,-0.035520792,10.249729,0.0008317791,0.21894965
9434451,-0.026472082,0.027319243,0.000105393134,0.02050221,6.9819393,-0.0010701604,0.15818559
9460824,-0.04421629,0.030394211,0.00017629427,3.076384,14.33263,-0.11753979,0.3380121
9478823,-0.023023613,0.023011623,7.187971e-05,0.015125513,9.498721,0.00060395524,0.18435305
9507933,-0.055742875,0.032488495,0.00025293772,1.1059206,3.666953,-0.058563396,0.08597851
9510785,-0.022461925,0.03543924,0.00012895356,0.019764423,8.869105,-0.00077153,0.25693828
951560,-0.059189033,0.042189855,0.00042167376,1.6761241,3.5838013,-0.09724597,0.1293395
9534740,-0.047614798,0.079679415,0.00042026863,3.0661607,7.0059595,-0.132504,0.34691733
9557440,-0.050732072,0.0939446,0.0007101289,2.2930217,5.199228,-0.106332004,0.27738
9565165,-0.02226027,0.023488149,7.852404e-05,0.0036479235,12.2255335,0.00018766895,0.2755061
9571888,-0.049488284,0.052199844,0.0003797411,1.0135413,15.127758,-0.0501282,0.47529155
9617923,-0.06013441,0.02925472,0.0004943158,1.0210569,7.3500314,-0.059608303,0.18638583
9624458,-0.020842457,0.036438033,0.00014526279,0.009509921,4.0738897,-0.0015468299,0.1329422
9626434,-0.055803694,0.04846399,0.00035197855,1.7898073,11.283724,-0.08981318,0.256586
9653690,-0.05350721,0.059824787,0.00031189923,1.0241706,10.812535,-0.055873875,0.23275523
967099,-0.046703987,0.039758682,0.000273307,2.3949482,5.7474766,-0.1135675,0.19705938
9671033,-0.047525726,0.040903386,0.00028697454,2.0983338,5.4806075,-0.10296751,0.20582753
9705941,-0.02315322,0.029149152,7.331751e-05,-0.015522122,6.42393,0.00089157,0.1378642
9717937,-0.024846818,0.026662085,7.385932e-05,0.00049829483,8.732014,0.0010333844,0.20324369
9729792,-0.026758192,0.02205554,0.0001029095,-0.0050292015,5.356718,1.8056482e-05,0.11733706
9733743,-0.056056518,0.035013214,0.00034289234,0.9940455,2.3199587,-0.057257157,0.07326728
9740891,-0.05888194,0.04896477,0.00046468404,1.0292614,11.215311,-0.06062193,0.3322332
9741965,-0.03369509,0.049316093,0.00021444005,4.468788,9.978046,-0.1387039,0.4164904
9794857,-0.05077386,0.020469762,0.0002788078,1.017447,5.788749,-0.051122595,0.098430425
9821936,-0.019263377,0.045615137,8.317013e-05,-0.014015317,19.793823,-0.00044552237,0.4815776
9838013,-0.052886404,0.05637505,0.00037459802,1.032834,4.386732,-0.05407276,0.11920098
9883303,-0.004712928,0.01221166,1.1471246e-05,0.0010378361,0.026993752,-3.735721e-05,0.00031755865
9897248,-0.053516515,0.05638527,0.00030974703,1.0263411,11.91214,-0.05559181,0.27739784
9913368,-0.01097272,0.041307326,0.00014596451,0.019067168,3.886818,5.753711e-05,0.118744075
9942801,-0.026176384,0.019909276,8.662985e-05,0.008571744,4.4247684,-0.0003676936,0.08687762
994483,-0.02054764,0.03272056,0.00011193687,-0.011972189,6.6008816,0.0005363561,0.1886439
9974966,-0.03762734,0.02207542,0.00016809913,1.997376,7.0593066,-0.075401716,0.13192658
9979854,-0.044637967,0.08089173,0.00036005775,1.0424528,3.6704116,-0.049182512,0.1685039
